source_name,local_path,bytes,sha256
image1.jpeg,assets/second-edition-media/image1.jpeg,26171,460f2a58cd99ab8720c87e0a333f4e059b2d5a7237e574ce993455b97a69577e
image10.png,assets/second-edition-media/image10.png,573070,87d286659417aa4584ba2b5b56fdbbd8648454d91b903bf33fabdd68b17f4bd1
image100.png,assets/second-edition-media/image100.png,22838,52902ee63d72066bcce926973946f17985363d41d9b3535d486d5295e6eadf2f
image101.png,assets/second-edition-media/image101.png,14707,5d6c740714256d4cb37fae1aed7828f2d0479f82fdb83f7b16053227cd17267e
image102.png,assets/second-edition-media/image102.png,11694,b914176a0553520d2f39eacec7ca3bb4ae8731014fbdfaf8d76267c9bc88a114
image103.png,assets/second-edition-media/image103.png,26672,07b85a1d1c308165d7aa054a90cee88ef012752843cc4359e9b559273f347d1f
image104.png,assets/second-edition-media/image104.png,27122,e1e9ed30bfd552c4fbd29df9ee78b06ce00baa62a3f35f5939ad854890f0f783
image105.png,assets/second-edition-media/image105.png,38128,8c6ea8e5a7c5ce57e9bdf5f3faaa62c233e3af17b52f5331ecd94e93f3eefa7d
image106.png,assets/second-edition-media/image106.png,34855,c59b2b60d04beda757ea99127d25bf4b0f1f0875630b0fa74b9243d2a57ccf5d
image107.png,assets/second-edition-media/image107.png,37530,db03a6bbc08a470934ce9b593899e49d946a3802261b6df936dc52c8e94ba316
image108.png,assets/second-edition-media/image108.png,12081,19f8d9d04d0106601e87096dd4a2b614132cbbbf541fe08605d1ecfe94b47790
image109.png,assets/second-edition-media/image109.png,5966,439f6099f6e33544531f5dfd039f1e704a193fd4e06a5822a85602ba5bbe4c12
image11.png,assets/second-edition-media/image11.png,222198,11e214478cb63a74a509d856b88559fc586adb23c3ed588604e03deec1032600
image110.png,assets/second-edition-media/image110.png,11459,ccb4675159f6ad71748d7c1a226d230756670f66888126bfd54de40df1131952
image111.png,assets/second-edition-media/image111.png,15210,ba150b33777c3438b9fd391b4c3f651b228c0a90819fcc6530b5699bc8624cdd
image112.png,assets/second-edition-media/image112.png,11445,ab17ca747c7f706bb6eb258b8f4dc14f5f48286a730d7bad1c90d0a73dba340b
image113.png,assets/second-edition-media/image113.png,13300,a27454301971da441c5b7c289a12941200af34af5a2203dba441200d63e3b37f
image114.png,assets/second-edition-media/image114.png,11326,cf054aa96226b08f9284d7a286b7299f416a6bb3abc4147a0c62475abfce4223
image115.png,assets/second-edition-media/image115.png,8785,e3995654f605811baba7059748b0796464df5efade5d8593fd773a8637235695
image116.png,assets/second-edition-media/image116.png,11280,2e4daf5c9880084d2f4ca534491e9c98eed8df511b384da08b130ee8acaa7863
image117.png,assets/second-edition-media/image117.png,27108,168480b2d118b9cf217c2d909e3cef673652b08c1834c7c564c71ce2dee1bfa9
image118.png,assets/second-edition-media/image118.png,26904,027aaa96399757559eb198ee2afb3f51fde73e13adada657145a35b10415b523
image119.png,assets/second-edition-media/image119.png,25516,de191b5e256ede14acdf1e0e22ee0a40cd164da498b1979212c9d0dcb6871c5a
image12.png,assets/second-edition-media/image12.png,974025,9044fd66f6e14a65d142cb70a0628fe289b146927cbcc2217b6ecfbbbef03b12
image120.png,assets/second-edition-media/image120.png,18502,7855cd0ee69a9bc744782dde96a61b5863112468b211d8ed086a1f00f228b634
image121.png,assets/second-edition-media/image121.png,23880,0615c55856f5199efade988ff2f127f1a8c3340d291b6eed31b55bc7f5f2811c
image122.png,assets/second-edition-media/image122.png,9352,c20fe20560085b8d1acab21db0929fe8b32fa264b23bcf6b07f28647e5ceb959
image123.png,assets/second-edition-media/image123.png,73009,fcb0d0d9fb37a2893137ae43feed6d3287fcb062d640eb87a0609aa020eb707b
image124.png,assets/second-edition-media/image124.png,75377,f23807b04d0251cc4000213cf456d389c4a12bd9cbc7fe127d70298329830936
image125.png,assets/second-edition-media/image125.png,28434,7f84a730e087018dc3e8f9fc939aec67621deeac5b6dbbf3d0eceef91800c6d0
image126.png,assets/second-edition-media/image126.png,11975,0ba773fa0384fb98542f27cf8440a8f4f4e5d1fc567e82527d6b3ae749fab2ea
image127.png,assets/second-edition-media/image127.png,30812,6753a07a6f9c5ef4a58d153dadd73f938ef8790d1a9f8a2132b9e21851f9c4a5
image128.png,assets/second-edition-media/image128.png,47813,6bb6a502cede76c2fdb661e3ec4fd8342fbbb0f5a3f662b24f28ee68d4030052
image129.png,assets/second-edition-media/image129.png,33856,8415198e0e8dd58bc151f97c22e16fc0973df3d1918b81c80a6b5380c25d298b
image13.png,assets/second-edition-media/image13.png,1036724,1df9189a3600abbf2cf721469b3d182a8b7c82451979fbe2081cee07c49972cf
image130.png,assets/second-edition-media/image130.png,28491,345ddf335db7e0d889c9eaad90d8d6799ce72f39c20c13d213382e457a7a839d
image131.png,assets/second-edition-media/image131.png,5498,19181c730ed04365fa34ebe3cac9303ac2b625762492636cfd178dee78251c57
image132.png,assets/second-edition-media/image132.png,13490,544b4c3a8c11e244ec5d83963b7b7d7b930ce805a3fa0bbee9b571ef9a7d7d6f
image133.png,assets/second-edition-media/image133.png,13751,61a12e34db0f58cb3a3e2938eb4b4e4787e417fd680d37af22d551a9ff207601
image134.png,assets/second-edition-media/image134.png,13738,749cea8e5841531e43357801c94f6a8986472adbb9c8be766492fb7d607be22b
image135.png,assets/second-edition-media/image135.png,39424,d8be69f06ccf4b2c38e70c9ef8e7f13f1d6f60a2d7eb6712f9edfbc599abfabb
image136.png,assets/second-edition-media/image136.png,34543,88536f4b1eb3f2cce22360e102ca9bd759bf1b6fcda6bb6bf74b322557a7ec0c
image137.png,assets/second-edition-media/image137.png,34846,d287c74c7385389dc7134172118d8b111ca5ee3cfa3b8d9fbd65f2004f498743
image138.png,assets/second-edition-media/image138.png,27252,d69fad8ebfa3c3fc74e0784359768526b043f6430bfdd1a08cec46366808276d
image139.png,assets/second-edition-media/image139.png,32510,2c240f4c71a0c6a7ebb132a10987c0f3a5d1488d0bbc79a23cdfe22e287a84fc
image14.png,assets/second-edition-media/image14.png,592408,342c678840bc4eb3fbc5f400495b691c5a7b647a5b409955ccfb4d9289984c1f
image140.png,assets/second-edition-media/image140.png,10454,9479df624e2a41271d3603f0f4c4ea5afaba13577c20d637a127c2d6c691767e
image141.png,assets/second-edition-media/image141.png,19708,036bedcc5e0fe2b803a1bc640bacfcef26cbc7ad2eb9d86a1a58450adde04ce6
image142.png,assets/second-edition-media/image142.png,4699,0aad407f4e0b44b933622b6d45ea2b10530f5b571315b8b4952692b80882aceb
image143.png,assets/second-edition-media/image143.png,4710,66ce7ee20250e238a6a0a4a8a826159c58d575e24a6c9401f2c9c2dc70b6a405
image144.png,assets/second-edition-media/image144.png,12086,a4038287a11b9f07785a58c2764c04cfa6c887ff794def824ae93055d1e9580b
image145.png,assets/second-edition-media/image145.png,7881,345915b56c2ef0ecd98d113834d57387ca85a612525cd8ca24fbf1783dc5c4fe
image146.png,assets/second-edition-media/image146.png,13904,dd36338f11e0e8e31163df26c44d2c63ccf50814c3f38f4d314d317ed70fff3b
image147.png,assets/second-edition-media/image147.png,11474,9c146c8b8218b8c3d367bf5f6b710baeffad4fd1e1066e3644c16709f37565ca
image148.png,assets/second-edition-media/image148.png,80603,809f26d0a1a79d78d58e25a29e2cd481d18e0af308b6d909798448e39efe14ab
image149.png,assets/second-edition-media/image149.png,6426,e966ff08492b71a8945b5bfa850de5a615e7b8fd01579192844d58faca571ed8
image15.png,assets/second-edition-media/image15.png,1847089,684bd967d69b2fd3a7929b12642004e112f18d6456a3a2a8642aa441cc05d478
image150.png,assets/second-edition-media/image150.png,14217,a36da30931f3c128d8b39ea219f82e507bcac44f585ea901627726f21f864287
image151.png,assets/second-edition-media/image151.png,51654,1dea53a025a67ed90537880d8db4fa4fd5bff801d32bb18dd3ddb7c954b9d473
image152.png,assets/second-edition-media/image152.png,6642,58ba5493dfcb747a881b886a32acc54d9172cd5f5ece7f4e28929be7fe5083e8
image153.png,assets/second-edition-media/image153.png,25650,5c9f78770d16aea4ab7ac9ea7d2c52ee30f80ef6830c6ca6fa3df9b496222a94
image154.png,assets/second-edition-media/image154.png,2593,1edf87d9b71eafc0209d21f779844d01ee3894940b1edd3c364ec4fcf6bf7b94
image155.png,assets/second-edition-media/image155.png,4207,04f89bf93821a4dd2010e01eebf3ee76d801fd24c9b303018c94c0e99c849aee
image156.png,assets/second-edition-media/image156.png,7898,a36e199c73c846ce0fd106576c5ac72602bbec5775b7768f7f634cdb6962783f
image157.png,assets/second-edition-media/image157.png,4276,50ef8a6c17504880afc34dc2f16addb9ea48d208d4afab99881617772dc0316f
image158.png,assets/second-edition-media/image158.png,4248,23842f0b5966d6c4989057e9cb21ead907ff7f00264bdc57e50ff173cc9ca7e2
image159.png,assets/second-edition-media/image159.png,6577,bd9bf5a4015228d4be0592a4618476c2d5661c4331b31617b75be97429c5e706
image16.png,assets/second-edition-media/image16.png,3807,19bd511fdd685e921404d247de986b3c66c549267e9f1177de986761aec89f8f
image160.png,assets/second-edition-media/image160.png,17705,5f31b030c3cba400cca18438eb847caf789165b055627171eff4e343a7af9b4a
image161.png,assets/second-edition-media/image161.png,6418,65f69d114e03938da33ec6db9d8f3f04937c274c0ea0dfd5cf5b5f6b80875364
image162.png,assets/second-edition-media/image162.png,7753,ce4324b05e53f685b177958b8812a64a04c32766bc32f164bf4e6a42d6ad75d2
image163.png,assets/second-edition-media/image163.png,20827,705d94ad1c6d9d865e282a49cad93326bf7de88f8c3d55c99b08b9e2ff61e6eb
image164.png,assets/second-edition-media/image164.png,7222,c2a267766bcf01e9854c42fb5778790ad71c4c95a89f2eac6ec2696c49ea1836
image165.png,assets/second-edition-media/image165.png,3999,1162dbf15bec3c95acdd23d23cbf223f66bece4f2134f02057a611bc3d2a82ca
image166.png,assets/second-edition-media/image166.png,2792,539b83df349ca01a3836b4eb1043af32956c0d59064e420aae7e013c28536722
image167.png,assets/second-edition-media/image167.png,3040,70a76941f20b80c818afe9874123b9bae0bb43ff1dbd091b01feb69326a7708c
image168.png,assets/second-edition-media/image168.png,8769,d0b64cc3b6f567d9a6a35336a0dd74a14f83155a11bef6f22150ca57b3bfca92
image169.png,assets/second-edition-media/image169.png,11435,34dda1a894b9d209d3d9939f64edaad26a83bc0649466dad65a459c038a897d9
image17.png,assets/second-edition-media/image17.png,15651,12538f31dc133f1036af481e49afc0060e550e67140a3d524382beda85949d1a
image170.png,assets/second-edition-media/image170.png,4674,e25514744072104260e425bbe6b60faead6018652822fff4bff17eacd5bfa330
image171.png,assets/second-edition-media/image171.png,4110,51ce938d7942d4092fec3b9f29c48f85f5eced5aaf6dbb8b25dfc163f4233381
image172.jpeg,assets/second-edition-media/image172.jpeg,112385,86bb37ead82d921c623a8f94c492c9e4551759871d3dd9e110dc26b80e37cb6f
image173.png,assets/second-edition-media/image173.png,43270,ec7fb85e3318aab0981f573c13b64a90f3ba6316145fe73e589691d7cf2914ed
image174.png,assets/second-edition-media/image174.png,12042,c30a1cd187e709bdeb9e3dfcdfe5504a34fb0c1eaba166f31a969535b09b6a21
image175.png,assets/second-edition-media/image175.png,6246,0a351441afa28e387efbcedfed411f22f29c6d2441a3c046ff5618b2ee73affa
image176.png,assets/second-edition-media/image176.png,8192,3b6eb35f003139e91b05322480cbe22210a2afd01b68c28cfc8e3cea96b19923
image177.png,assets/second-edition-media/image177.png,7410,e0700fb519aaf2a1ed8c11e7fd883515494b62ed67ea5c249297f8b406edf6fc
image178.png,assets/second-edition-media/image178.png,8578,02a33324bc0c852b0c8bfff0d98993b1148f9d7a5e635644c8906501f365764d
image179.png,assets/second-edition-media/image179.png,4576,67dfb82b82960de30917898ba4cd1a7baff3961804a42f606d887ff45fb4acbe
image18.png,assets/second-edition-media/image18.png,25919,fa3b985cc1d7ba7990e7cbc5ebe5a5005a3596137b8f37b051072cf920beb34f
image180.png,assets/second-edition-media/image180.png,4140,29e33813442035b4e644489b0a0e38ccae172966788788d08e8abdd715f01431
image181.png,assets/second-edition-media/image181.png,12221,0fecf89868bfef91c45465d7e0d0f41f9e10ba01b35166956b477da39d676b59
image182.png,assets/second-edition-media/image182.png,13372,cdbd551a5765e1c5e650873cff743fbca6509ed5bd4fe477b98b0b54d9642b10
image183.png,assets/second-edition-media/image183.png,11880,fe88a36516c0e107496e6b4c2b06f6272a7c213235deb6b008a9eed58d899f79
image184.png,assets/second-edition-media/image184.png,9307,d129a43e7bd502afa90c8ce984bca3c0c930be19e1e7ebd470b5ac08634fa3c4
image185.png,assets/second-edition-media/image185.png,7511,a2f183d54d54515e0777f5f494c61d15723023294598735a2e45e6a961ee9102
image186.png,assets/second-edition-media/image186.png,6637,ffef964dc159ce5d8fb8ebdf7dcde4d9bbfd1888971f12c3ec9914469c634327
image187.png,assets/second-edition-media/image187.png,10465,14805b942573894a2aa913170afe520e665b17e770a8efb1dfaa012b1be740d4
image188.png,assets/second-edition-media/image188.png,10315,32c8572c7d9ce4773935d595a3c710ab7661ba3ab786ab8b4e5a39fa0d04a245
image189.png,assets/second-edition-media/image189.png,10395,92c23c92b30234d5900ff8c73f0c37634aaa87718a1249e99c8900e63493df6d
image19.png,assets/second-edition-media/image19.png,27274,3179e447aeecf3b740b945b0bda35ff57b39c3e55509613683928bda7923e033
image190.png,assets/second-edition-media/image190.png,22400,5e7966375b48657026b8e4f1b33b5c00a63cb2317babcc8cd6012abd128c71b6
image191.png,assets/second-edition-media/image191.png,3095,b478bca3604790d4ed16881c628ce7125d15a7fe9869f5d4bcc48d8cf77d8269
image192.png,assets/second-edition-media/image192.png,2516,53a9894b40adcaa5331c9b94c85d5afc856cfef393c15ea88d703278842c18ea
image193.png,assets/second-edition-media/image193.png,28578,d02d530d3dac6a272a667c77d7263a880cfdfd4b8ca6138c32890045fbbb10d5
image194.png,assets/second-edition-media/image194.png,27223,ce7afc92eb6f354058137d646aff0bce8b4031bc965e9029805ffa6866d9b293
image195.png,assets/second-edition-media/image195.png,8540,6a8820d121b01916a5e231ef7b4b069ac3e252edbbcfedc98bd8eaf8e674d170
image196.png,assets/second-edition-media/image196.png,21973,2e0ea35932cad49b5f5d4367c49e173ef81f830e22d5f8036e3e30cf295c9666
image197.png,assets/second-edition-media/image197.png,15935,4741f1435df8336a16261da767c408e68c43e72c93a8fa7ef51684dac9152611
image198.png,assets/second-edition-media/image198.png,6802,145bc98be2efd465bcac42653b902204e59b4cbe79fa54adb8220101cef6b401
image199.png,assets/second-edition-media/image199.png,6534,ca5cea8e4a323d7533850989819ab49398c0da8b456900116aba0eaeed76ffcf
image2.jpeg,assets/second-edition-media/image2.jpeg,56224,75f21f55a69023d61b0b4158d5b182e2f74a01a49fe046227b2233014f04abd8
image20.png,assets/second-edition-media/image20.png,25096,c9e5b4f65b70aa6c78948857ff8a1bb961912f08c20b077c9605644a53090e1e
image200.png,assets/second-edition-media/image200.png,6292,332a756aa7aefd2063fc8808fdbc4bcc37ed468edb6dd70e5b6d8d08ea6d3b64
image201.png,assets/second-edition-media/image201.png,5358,145d93618a004942d02599c7b4f1aec5ee746bcff25132ae498d4d648c08750d
image202.png,assets/second-edition-media/image202.png,3441,4d41717cf0d07cc8377d3f45ae18166966dd989e91e5e76a31097bbe5bfa9a48
image203.png,assets/second-edition-media/image203.png,5725,01abcff376e55028d308df43f363a0a2fcd87906ac0e805275377997d7c11db7
image204.PNG,assets/second-edition-media/image204.PNG,11916,b8da3c0f007852043867c6e13ae1a28ac02fcd44096e35962693fc3f72885f75
image205.png,assets/second-edition-media/image205.png,4891,1e2aa4810bbd3c29a27423d118e2858dd89937f33bdd0aebdd4f64342c6d7ad1
image206.png,assets/second-edition-media/image206.png,66997,1a559852b632864dd7aee341e9367e27d43cc5e94030c711693a783713598a22
image207.gif,assets/second-edition-media/image207.gif,9005,b1d0e7f9c6da832e20bf2a0778657756a55c7dcb18f2f79bd0d4f21d1e643147
image208.gif,assets/second-edition-media/image208.gif,7212,475c7904331b279495adffe01edadc2bfe8c65f3f2cb49705606bf53a6172ee9
image209.png,assets/second-edition-media/image209.png,65055,34af13dc703567e93a717c09527c8a43556f5fd9298def65911802ea4ba8afb2
image21.png,assets/second-edition-media/image21.png,24226,e14016db03ccfa1baf373ab32a0908c21b5e87e793bc342a397829fa7e91e350
image210.png,assets/second-edition-media/image210.png,11174,78d37568469991c6b15250770311e3717fe7edaece3d6c8fbc478f1b44a45389
image211.png,assets/second-edition-media/image211.png,6683,e68abc44d7b7fb41f845e99a69b49c9250ed98ff0349c293e840ae7530eaa50f
image212.png,assets/second-edition-media/image212.png,6685,2293ec2424b00b05af7a2869147387a4747cdfb502ab690a45d9edb53f693c20
image213.png,assets/second-edition-media/image213.png,5932,6857383738c2efae67942b46bca0bc6af3840593daa37e7412ef932ebd20341a
image214.png,assets/second-edition-media/image214.png,9594,c8e12ed5c2821179ca452a15d622bc5ef17887f6469b4b4ca7e4996e5c79d3bc
image215.png,assets/second-edition-media/image215.png,9256,1504386f6c00c85aedbba9bc37b6b09c82547d852ef75c2863b37c8e43f48353
image216.png,assets/second-edition-media/image216.png,9497,6661efe442b02e2952bdc8c27485593009d34fe6188a542aca0343290ca2b4e8
image217.png,assets/second-edition-media/image217.png,12907,372ea0f782760a5802486418a1ebdcccf23472e8efdf6f4f4e0f394f7ea0c6f0
image218.png,assets/second-edition-media/image218.png,29219,07f631a238f113d38015405e2e114da76df2019165c15b8abcca3129f017961e
image219.png,assets/second-edition-media/image219.png,3843,2ccbe60d1df2d53d2e28f1957f68ebacd3bdd17b519d619c4a7635e829511eeb
image22.png,assets/second-edition-media/image22.png,39408,6af13dee015323a7981b89668c7fb45b62f1fc1c4cf406f314032fbe4fd27ebf
image220.png,assets/second-edition-media/image220.png,12029,40d22e204038236f05b6edf1fb79ebc71ebf398f41317633b2f0cd58c1b266f8
image221.png,assets/second-edition-media/image221.png,4158,e468e66013705f1a28eae3b8aa2adf0092231272abd2f2f1b6adcb882bfbe3c1
image222.png,assets/second-edition-media/image222.png,164572,0c4f83afe7bb2417ab3c496336dee8477755f60cdce4039d9e403480e34b0ce5
image223.png,assets/second-edition-media/image223.png,93914,87188cd273d77e8804da067fdcde2a3a316cdbd610f44e30bd437c8f21aff896
image224.png,assets/second-edition-media/image224.png,58595,74645551d6dce6fe43f54af06da25077ceb9a36e2a9fe99c6af501da3eb36846
image225.png,assets/second-edition-media/image225.png,70856,9988c483eada467d8025e40ba0a42e942ab9713941e69429889067ef5996c0d2
image226.png,assets/second-edition-media/image226.png,114432,43478d16e0347640545439f258b99b0a48486691ca593f90a1803f1fa75c73f8
image227.png,assets/second-edition-media/image227.png,4756,fc8ffc6a7bcb411e67cc322fd39862525280fd944308b8753c78dd3315145cbf
image228.png,assets/second-edition-media/image228.png,5871,850ddb8065a932937d115f775a86e9a7ec4be982f74cd73dc74c1a49730f2191
image229.png,assets/second-edition-media/image229.png,6794,4286c7fc00f114f8b4c35851f0a1d870a51825090548e99ade5e1317a4cb388d
image23.png,assets/second-edition-media/image23.png,18210,68ccba6f6a306231d3b2568c5eefd6a1209bf2e5510f3f08bf832384157b9888
image230.png,assets/second-edition-media/image230.png,6056,13357b402f46b9f3afe08d1cbd84132ac306d0a023009e5a37a64dabbc38ff3c
image231.png,assets/second-edition-media/image231.png,3250,2210d5fcc5d6497150591e327d976fa1b0c47538791129a10e99e5675dc20d4d
image232.png,assets/second-edition-media/image232.png,6882,26a76be80e1776ba13cc85bcd05da969ffebd2f5bb5d9c602036185662073b8c
image233.png,assets/second-edition-media/image233.png,9549,41bc8b5e749008e025664152c638454ef8b876af1dd2fa72192f61bfb7a66f1b
image234.png,assets/second-edition-media/image234.png,9272,e491c97fcb44bbec451e6c29d92243975b5c9428a89df16cea3a95be662f8715
image235.png,assets/second-edition-media/image235.png,7037,27efff54c91ac420f3d0780d52197184296787ed6f420e8e2f3054b92acd605f
image236.png,assets/second-edition-media/image236.png,32084,687dd1a085cb9bd535c7e0e47d481bc19b5431e1681e55ab473b4b6c1bc7f464
image237.png,assets/second-edition-media/image237.png,32124,706e8404c0268d67cfe51bc79a433a35aa6c3adea5842289fb74c684b3695749
image238.png,assets/second-edition-media/image238.png,13562,c306c7568d2f125437605a89b48f3d94dcfb153e12c441f42d11ef9760e50042
image239.png,assets/second-edition-media/image239.png,14254,376ffa5b0011eefc28c8f86446c85e591b4267ccf0feca7cc3ef544eeca4a32e
image24.png,assets/second-edition-media/image24.png,23961,bd33f80eacb858ed9c70795a2397a80dd64eb32fd34205577e67f7e6a1f7d0e9
image240.png,assets/second-edition-media/image240.png,14173,4e5ab1105917680adc9538b677641748529e883e689ead3da2d4343cdf2bb578
image241.png,assets/second-edition-media/image241.png,139189,3cd22c5b30d43326dba46a469b270920c1fba085eeedf0a6b7397b2d5df45d89
image242.png,assets/second-edition-media/image242.png,154052,7150c3c3ff14ab82babad0513dda802ab563a1604d35f2b73c853c2b083b1549
image243.png,assets/second-edition-media/image243.png,11336,2d06d18d93a0d61e7df0cde0a34ab30df76fd2ec4ad5f4233021518db2248598
image244.png,assets/second-edition-media/image244.png,8052,965307dbacc74ddb90b65513efebcd1b0ff6a0a0c08d10fa73b81529d3bed678
image245.png,assets/second-edition-media/image245.png,6928,640e497b5cc71bf99989e3a78daeb72c8620d25e3df27b86aadc691113bbd7c6
image246.png,assets/second-edition-media/image246.png,6254,24449bb71ecfabc30af626d8fb75b0c9218ca43bfb5dd7d0ed9173714e0eba55
image247.png,assets/second-edition-media/image247.png,9050,dcdbd44cc14b529cc8d0bdbccdfb2a1edd8224badcca78dea30ebffa7e7a6a30
image248.png,assets/second-edition-media/image248.png,6276,b76c4a93fb847ce3a4e49ac04dc58ee15a8b87659e4886a92d859d0bcd30af1a
image249.png,assets/second-edition-media/image249.png,9254,4cd12505ae92aa12e3ab30dc05b7099905e095513ab976c0d6f481817198cec3
image25.png,assets/second-edition-media/image25.png,5762,2135187df25bb4c5438afd5a8c9a91163879cde3750eb5e164de679aff29f4fb
image250.png,assets/second-edition-media/image250.png,6799,f9d6f6ab075f820cace945de2beb8703c59e6009444ddb0c37adf5a4515849b9
image251.png,assets/second-edition-media/image251.png,2472,d09a32cd9b321d3cb15bd06a43b1404ead342ff141c02e86cea6a21cef235cfe
image252.png,assets/second-edition-media/image252.png,25363,89488935faa12e11d360d12e563de0d069b7ba2d0b2ffc240898e3e0be0c2925
image253.png,assets/second-edition-media/image253.png,8302,434dc9790436ae484c023496cbad3a1069cb166da6cfc0c1eb04dc309cc2a71f
image254.png,assets/second-edition-media/image254.png,28943,8e6a54ef33449ebbf209a8f49ae607489ac4657c13a36df1ad723f8ac2439ad7
image255.png,assets/second-edition-media/image255.png,59223,f447e4d27b1dcb4006795fad139f7d176a265d5667d0301372a29ae87c428667
image256.png,assets/second-edition-media/image256.png,36396,7066e31b6666889e03843a1a5c9266c4348681999a97b145f259017dbacfc1f9
image257.png,assets/second-edition-media/image257.png,40422,f085fd4d661e72d44514c94c7a7983192944b6c2f4da52ec34487cae213e0491
image258.png,assets/second-edition-media/image258.png,39957,3cd0e01c856eb3b5542c556ebd9ca442b9048015770e4e656775af5d8de0b515
image259.png,assets/second-edition-media/image259.png,39782,9e36feff9f216776964b7c1227a8c9ee726b5d27dc82d3ce811f129bd12e0482
image26.png,assets/second-edition-media/image26.png,14772,11360bdb0b49eacb224fee87a930b301ea0d6b70eb199162570a7c49b21fa7d3
image260.png,assets/second-edition-media/image260.png,59308,8c097a9e87b99666505fdb7b9444d5ad53006d17651b1c71b283c167ac991ac2
image261.png,assets/second-edition-media/image261.png,57631,4144ec99aa60308eb372bafb6fb117cd1ad812c8bb4c786ed478f3d32fc96c58
image262.png,assets/second-edition-media/image262.png,35366,8bd755fb3ee8be53ba8974d954410289ba1f86c0c32cdf992a5bb0d8b45a0c03
image263.png,assets/second-edition-media/image263.png,77626,75b161bab54d09f1376d0ddf6bb547a5880f5437082c90bb849b6f0369098274
image264.png,assets/second-edition-media/image264.png,57393,13c81a6b98349a0efd89991a6b6217dd665c6e32a31dfd948aa92fe580f1efbc
image265.png,assets/second-edition-media/image265.png,21027,aa3fa4fb7fee9aa3668a906ca429fb5631876ce0c217ce33d417c350cee7c942
image266.png,assets/second-edition-media/image266.png,32422,31c261d3e9f7bd60c2cc2c3c67716eda134555de19ca51661b4ba65bdf678c19
image267.png,assets/second-edition-media/image267.png,51759,e67ca7b7c8e74f8bfe6f7b2a2822b905140d0ff9ca8ae96fcd48c49dc4025a6d
image268.png,assets/second-edition-media/image268.png,95123,c117c130dee85e4d45717d3f7d3c1a315adc875a5266078d3258f809912e1cf8
image269.png,assets/second-edition-media/image269.png,15879,8e59849d841eb3d580bcfe927c66b8a09b6d2b2d622fd01c681f5c792433915c
image27.png,assets/second-edition-media/image27.png,23609,09dd241410389c125c82fba6ae3bb1ed3a19dda93b8f56fdbe8e9d06f6bb57bd
image270.png,assets/second-edition-media/image270.png,17087,a6b012aba736ee0527bcaabca6d85f3a64cdb99879795dd5df9c32fa86c34709
image271.png,assets/second-edition-media/image271.png,24065,05ecb23b9346d98557dffb5b4ec6f6b209621296f3896713f5cb9b5eeba8838b
image272.png,assets/second-edition-media/image272.png,3878,7fe97fe12507e2da0f7006b25400d7cb78f13cb466368f19bfb83dd6b668cfb3
image273.tmp,assets/second-edition-media/image273.tmp,9689,61a7df621ca4c4884a3821a08f1c9b91108f6300eb9db4095071403354d57ebb
image274.png,assets/second-edition-media/image274.png,7098,2552b1e237234043afdf95b3aa2a16f3f2a7c5b447489003ff6099bdc9a7c13f
image275.tmp,assets/second-edition-media/image275.tmp,5202,bdf1c00f94c4466d375eabc016414a9265e9f0f45507a69e09393b5823cadd37
image276.tmp,assets/second-edition-media/image276.tmp,4752,c81c61da797428015bf678019b0f774cf536df2b1c0a343af8a379f154d8fbe5
image277.png,assets/second-edition-media/image277.png,2338,189607733a084233b1193f43a0d8fc856cf9dfe4d7fdf063ac91db25b62b1e2a
image278.png,assets/second-edition-media/image278.png,3661,d08eac7e6d1f009ab79ef8d205648dd0e3b1e9f37467c17d5dbc05bf273ba895
image279.tmp,assets/second-edition-media/image279.tmp,6545,446778ee1b184de68c1069d3da1980efca867495552066cb2cd5f32810b551df
image28.png,assets/second-edition-media/image28.png,38545,74da265095aa85aa7b06c1d899f9e30788115bc39f3a55607e48e1daf756702f
image280.tmp,assets/second-edition-media/image280.tmp,4124,fe0a3ff7e67da75c2ebf276eb191441b3c5d1378c7bd3aafe5835c82be9a6234
image281.tmp,assets/second-edition-media/image281.tmp,26864,cf48e5d7ef86142b8cb74b736a26894a8a159d40f6a379d206a2d6fe3ef41b98
image282.tmp,assets/second-edition-media/image282.tmp,5423,cd4b16dd0001e04b98be747bcffe6b001fe63e89f50ec527696c32432b223136
image283.tmp,assets/second-edition-media/image283.tmp,7628,c2fab232ff67ac319a9669c6c6546d11e2a0f14e8225dd824b20eb8a01de0270
image284.tmp,assets/second-edition-media/image284.tmp,3444,1bb95025d78d0387baa981d9cc5f6823aca15d94d462c78505b434aa613a6de7
image285.tmp,assets/second-edition-media/image285.tmp,6336,0220544ea65bc68a7bfe580f95c98841bd69e66d43b07dc126bbeda2eebe66c4
image286.tmp,assets/second-edition-media/image286.tmp,4485,9602be879c3867b0972821a4a303a7a861ef0ae968c958e0ff6fb7d813b90aca
image287.tmp,assets/second-edition-media/image287.tmp,6466,35debed0f2043d90920c2a0f4e9f7b470bf3f06f861548762668c5f0c1744eb9
image288.tmp,assets/second-edition-media/image288.tmp,5583,41c1cd5a6159dc4d55f0f147536b3794852cecfdf4c0d6d64fba6a8046ee3024
image289.tmp,assets/second-edition-media/image289.tmp,4752,915a0a1c3a37b224bc7ad85d241b1c9307d4c7244fe43e6bfde1c86b360f839f
image29.png,assets/second-edition-media/image29.png,32770,13a24703c57eca9dfe0f7343d05f7d869d46bd58b9c3cb05daa2d4c8978eff8b
image290.tmp,assets/second-edition-media/image290.tmp,23902,31d1c32d8b2471455404b3c319684b03a4914fd16e8bcc53c444ec3dced80af8
image291.tmp,assets/second-edition-media/image291.tmp,28802,92d36e231ee2b540f30d8ffd707f23ed5db77dd1495dcf51e00ca3c96d23a585
image292.tmp,assets/second-edition-media/image292.tmp,31062,8b0acd1ae98cd4ac21f31f443215a464db70bf3a9a6ea291f178fb60dfe2532d
image293.tmp,assets/second-edition-media/image293.tmp,15399,08b1c9349120032452d881c92e347e129b9ad01fa703b2f72fe6f55e9fc69741
image294.tmp,assets/second-edition-media/image294.tmp,35767,5038ca3e2e9fab37096613b883567ffa3e4777a51dfb110471c8f2b96a4cf598
image295.tmp,assets/second-edition-media/image295.tmp,28002,80ae1419fa9022a9c5c3d59a8fbfeaba074932eae1fb233e66ad40ee4d7a52f2
image296.tmp,assets/second-edition-media/image296.tmp,3427,fd6cdcccfa811fc57dcd5f983dbd14cb1869bf4674a392d754d24e4190e93c1d
image297.tmp,assets/second-edition-media/image297.tmp,53264,623063abe58e1d56d5228e7bb43c5790900f093f02b56946d6e8a1e7c4540c22
image298.tmp,assets/second-edition-media/image298.tmp,51443,1f6213f2d14811b76bce9e6f09654deae6b342a7b460a126e1fb07d1c4e46586
image299.tmp,assets/second-edition-media/image299.tmp,44696,46f860644275dbda88358991831e15a8429396d6534dab4b904756b4b59189be
image3.png,assets/second-edition-media/image3.png,73261,0ed9d42914e3c10f842aa77c4b87aebdde67807249e9b60979b4c6af6f92ab7f
image30.png,assets/second-edition-media/image30.png,44881,f90cd97a2366765c2ed41fa48aa14f9179d12899754f859c24923ed36fb39e46
image300.png,assets/second-edition-media/image300.png,66584,4bfe89c669ee41f9918479626e9239393a5a5056a6f6a5118f4491710842d5c8
image301.png,assets/second-edition-media/image301.png,32833,0a7e25dee4f1d1e3751e4a26e78cc3771ce61fc84ed06257654155d0313f0566
image302.png,assets/second-edition-media/image302.png,19316,995ab4ec35ff135fbd11b053a577470948b391ac0eb0b59a959b1e6287a9eb64
image303.png,assets/second-edition-media/image303.png,13392,9c8dcc38e01f654c564f6c7b21655ae809f6638411016c7ea8e976953fe07cc7
image304.png,assets/second-edition-media/image304.png,7835,62c2839dec8c46f9aa8c643d71e811743ab34aa1d79d20b21be917b8b7db3b13
image305.png,assets/second-edition-media/image305.png,21605,b27036e55ef141b567879ba83477750d088f67346a989a0009f146d9e02768cb
image306.png,assets/second-edition-media/image306.png,12967,88d578b3aa4c85ddd113acb44d7d552502fc7f0a573a12b4558066176b12641e
image307.png,assets/second-edition-media/image307.png,8524,19b5c1487cad9bbf349fa39c7b5ded6ecf0278175753531bb48d033fdf0fd1b3
image308.png,assets/second-edition-media/image308.png,22990,a047b38b5a8e409bc767c9f42efc667e962ddfb51590cfaa6e22b69224e131e6
image309.png,assets/second-edition-media/image309.png,10759,271f3101b67a14f4b3b7bb834316efeabfb27322e84206323e36041e53591ffc
image31.png,assets/second-edition-media/image31.png,10600,9bf8ae65d52b0d8da1e40f4590c76359b69dec121201d68a41d249668427a181
image310.png,assets/second-edition-media/image310.png,4764,c32867e422d322f38fcbc1c50f6a56ffd70325a37f675a554d31672c49dddaa8
image311.png,assets/second-edition-media/image311.png,18265,ed3e01ded66a6b053fb107d41bbf929849404c2d249565226f5c3379233a63c5
image312.png,assets/second-edition-media/image312.png,15480,96ebc2f882024ba2562a95834ee0c99a73a8787202fcf2a908af5d448f5648e5
image313.png,assets/second-edition-media/image313.png,7636,6fda223d0765bc09142e59bd4f5fbe3669ffa693e212dbe343d02a0c8117db0f
image314.png,assets/second-edition-media/image314.png,3543,01fe1c4a0b7e31d4ec4234e780193d29a9705774edbef960a36f6bd23f752bc3
image315.png,assets/second-edition-media/image315.png,10999,5638a07535a40ed05c6cb5209239b49e0f346fee4f9f3d7ef045255e4cae935d
image316.png,assets/second-edition-media/image316.png,7352,a83449824a79a65f9b8c66f7326b3ede9559cd1b33afce87c08190464a9fd998
image317.png,assets/second-edition-media/image317.png,2806,58ac3af85fd95f93c28ddcc6de2d60f8206e5a9b58fd2fa6ce0bc0f343cc90a8
image318.png,assets/second-edition-media/image318.png,18223,67cd5a6999d63e2e675280a54dea3714e68278c65daff9e1c758405a6757093a
image319.png,assets/second-edition-media/image319.png,17949,b84441a1cd82441f05fece2df9db91864b34fc8ae57bb703af6d22cfef58f177
image32.png,assets/second-edition-media/image32.png,22632,7a10788ea6e400d4fbdbb87c311a965d838bb2a63306d59d3e679871de9de151
image320.png,assets/second-edition-media/image320.png,27121,a48def4415daec2a323366f66355e8e77fd67d8323e5810e0caae30738029f63
image321.png,assets/second-edition-media/image321.png,17483,5fc6e5d09064a522000434eb7d529d84655fa480033874e0359c240c532b737c
image322.png,assets/second-edition-media/image322.png,44153,bfe8c68758eeb40311e97153d6dfe11002ed79b8fe89a0fbc1946e42dd097c41
image323.png,assets/second-edition-media/image323.png,22622,88f6d63f3ba253c9a6d1990923c27e8734a9311819e07bb940dd4a60fddf2c58
image324.png,assets/second-edition-media/image324.png,36277,c421e944a515f5fa15ee66662350c831463192dc52e0bb13cb76a6453022b694
image325.png,assets/second-edition-media/image325.png,5490,53060c07b430388a89abd73d0b95fc36a0cac39cfe9ea3fc869f3fb2b784eff9
image326.png,assets/second-edition-media/image326.png,17968,fd5df5763b83ec5db8e0a3134c648f154c17f518185e7cbf160e03c24788eee5
image327.png,assets/second-edition-media/image327.png,18253,fe2e6634f33539fac947a454b7c92f7ad06dbf86aec63a9f4430b32dcf4d4d4f
image328.png,assets/second-edition-media/image328.png,36995,5cb824f21fbbb8481d6c78605d3766af7528ee0e3c0ed703c3d362e04f7c642b
image329.png,assets/second-edition-media/image329.png,49512,2ae08fb317fccf7bc0b9b2e282af2a7b025fbb00efd7c715daa96e71b7829013
image33.png,assets/second-edition-media/image33.png,21245,2213e77e1098e19cc6a2b06e89a735f8ad94df57b04686e41732140594a4c275
image330.png,assets/second-edition-media/image330.png,36912,fd52251c60e995ea1ded709fac5465f0e004bfdf9a5b1f2d313cc39be8a6f11d
image331.png,assets/second-edition-media/image331.png,15834,2a3bf98072048146fac18d5c259feed2b13a818ff77391c2c5b37655c8fbd0ab
image332.png,assets/second-edition-media/image332.png,6025,6fe8d56f39a852a2f444646487505337b7a397a95bb2ed8d702ea4b85adcafd8
image333.png,assets/second-edition-media/image333.png,18863,c537d2c4324db8a275b5c348aad906f56d47a8fa6f4c2768c5e1b1c8f4eed265
image334.png,assets/second-edition-media/image334.png,5502,367f6031853b5b395ef1828624a4e2797c3158e2179e4110057c976245f5dd64
image335.png,assets/second-edition-media/image335.png,39638,01d06b1e11497502c08bf47c75b195209fb2112cbfc3a77f6771daf05b4305bd
image336.png,assets/second-edition-media/image336.png,4315,56c6dc0fb2f71ef6a3a7b0dd3696acd8754d2e5c94cbfdb048bb82a80ca21ec4
image337.png,assets/second-edition-media/image337.png,10052,366db96ffe1b64355c32e52be2125c7f63d25e85fb4ceecac2a68f6dcb9e54de
image338.png,assets/second-edition-media/image338.png,8613,7b1b8f6effd90becab496094482134cb386d98c9290f42629f64a521e763d7fd
image339.png,assets/second-edition-media/image339.png,31688,d3f68823703a5f63fab548dc2d94028407f3e8b926565659d283fe9c47e8fc8f
image34.png,assets/second-edition-media/image34.png,9445,19c6ba8cb2223dd0d4d0c7610617ba8e2d615e03c600ac50c424827c85dd63ac
image340.png,assets/second-edition-media/image340.png,20897,0d086effb06adddbafcf9c7d76022de6741eab716fdfdbaa915d0a4f4cf6ac5f
image341.png,assets/second-edition-media/image341.png,11944,2cd12a9960af3fb17077ea3cf968b304734fffa2198f5387498e9b4f1d0cf294
image342.png,assets/second-edition-media/image342.png,23196,166e7c4304773ed8646a7add931204ac979bc4f0cff533136d4ad21698e0bd4a
image343.png,assets/second-edition-media/image343.png,44188,16176b538a7c57f2a210d18fa7f02889b08b36854d59cb27a4e1746146a5271f
image344.png,assets/second-edition-media/image344.png,42467,3393b710e23e53b35398fe22e7dbc4866b5bff879e45dc90ee42614c19f61dd8
image345.png,assets/second-edition-media/image345.png,3337,e9dc348752140fe3d64f0a7a448ab41fd5f92827f9c31d3c65f1bf4d7a3b22e0
image346.png,assets/second-edition-media/image346.png,17265,6a7c974fb695f1d0730c0ba6f0363ae7a09124ffdf1022e88996cdb544376ef1
image347.png,assets/second-edition-media/image347.png,17472,a8c168d8204ea7fddb32ce2723f7d5a4e2dbd1bb50e73d7ebd9bfb3815d014cf
image348.tmp,assets/second-edition-media/image348.tmp,10783,f452282e5e62b7f9ec78b06ea095aa1d86d6eba9a668ef936056ab948272e55f
image349.tmp,assets/second-edition-media/image349.tmp,30445,f1ce0a0d5c9906cbdb96a1231a6a9dcfd10881e301029d958ae99db3a01873b7
image35.png,assets/second-edition-media/image35.png,9168,dc101a438ef60bae6fb3cdf26b899fc4d1d2aeb6f8f32e3b881a637135173c4d
image350.tmp,assets/second-edition-media/image350.tmp,4672,7198fb0dd5155696ea0fff05dbe71f3ee896e89b9066deff65f4c79869589c2f
image351.tmp,assets/second-edition-media/image351.tmp,5421,c51bc0114753fec4df5d2fd020c4a8b695990b3c82b684f9cbb55bf25a71a2e3
image352.tmp,assets/second-edition-media/image352.tmp,23678,7b3868ed9c5d9e27cac78b56029f0565fa6f1a4fb66085ab1377ac793db960f5
image353.tmp,assets/second-edition-media/image353.tmp,16685,b0ea5045949e827753587d351c4f2e809c8f0f28d679740d185e92b32689e16b
image354.tmp,assets/second-edition-media/image354.tmp,15497,bf12af7762324d3c463b015517d3c00e0ea5d6b792715ab1b0f73d1d1de54340
image355.tmp,assets/second-edition-media/image355.tmp,5408,b493cc6db4f6a67813e56109c6721ee17ebce7475dc7cb56408bd4a887515572
image356.tmp,assets/second-edition-media/image356.tmp,13962,f5f91d71959ea1bfacc589bb16eb3244c05fb11e869f1060c0027b96e476e1ec
image357.tmp,assets/second-edition-media/image357.tmp,9655,7bd39a0dfa2c60790f695da90b011dc2880cbb2b405f7bc1ff541f8f28092bcd
image358.tmp,assets/second-edition-media/image358.tmp,21629,7fedadb0bcd082ff3c0a1456dffa58ea86a78dc8ee97a184f88f9109af488c22
image359.tmp,assets/second-edition-media/image359.tmp,22648,5994c5c4175c53063a0813c15215e0c74cbbfd35a5bd7681e62e92da0d265be6
image36.png,assets/second-edition-media/image36.png,8197,997cdecca1f9a1d0d21b80f39bcbe97b08d58aea27ec401bce76f4e842e28528
image360.tmp,assets/second-edition-media/image360.tmp,30136,011b2adc3b657daa8f3c0e6299dc02eb6d35ec55b34f91e9004ec0a248e659b4
image361.tmp,assets/second-edition-media/image361.tmp,48846,6478ca381f59f87782b44fad287f97a9466feef5b838ccf212bc87b456b318c1
image362.tmp,assets/second-edition-media/image362.tmp,40470,f56ecd97c45c8f65a3566a0fd59e5a3787fc393ac68ad3b191e1225b392a69db
image363.tmp,assets/second-edition-media/image363.tmp,5505,f1f4351090e0fe18544a550df09eb7bf981fe9556704e68bf4cb5389bd8c2c9f
image364.tmp,assets/second-edition-media/image364.tmp,6004,dc33add59915e6fd013aa61b427ab231f636782aaa4e0902950c9ade0ee156bd
image365.tmp,assets/second-edition-media/image365.tmp,33898,857774e001fbf2361980d94a1a52340ef7d9cba9bcda61981119751363d1ac7e
image366.tmp,assets/second-edition-media/image366.tmp,9145,d54bb9281e9cdc9877fdcaf5fba594c3e930ac30a05c8ca12ed22c345f160ee9
image367.tmp,assets/second-edition-media/image367.tmp,15127,2a82403b579a6a34daa88de618dc29622b8335e795f6054ea30de7b48b3b6650
image368.tmp,assets/second-edition-media/image368.tmp,36040,469497b374de91e97ba23dc1f6a8fe4347ad7795f6a2df1c892b9a744ea81e35
image369.tmp,assets/second-edition-media/image369.tmp,31747,267af2fa604a7e2ef40a43eb246475acd5a97222306286898e07626a763a517a
image37.png,assets/second-edition-media/image37.png,7610,82bd78013f4fe7a3ab8791cde02de1b69733de33d4476d31d0c9c5e17af6bc26
image370.tmp,assets/second-edition-media/image370.tmp,30135,474f24dcd8e59b133bdca137232000011d4d995ee702733da36a00baf7ba9a1f
image371.tmp,assets/second-edition-media/image371.tmp,40476,d4f68bd25aec7b9a64e2ea15a1318a41da17640c0428270e3f758321e48ee9de
image372.tmp,assets/second-edition-media/image372.tmp,9681,17a2fe5deac88592b153a2962567f1e53d6d86f631db549c65060fb7b3d9c438
image373.tmp,assets/second-edition-media/image373.tmp,6821,31c8f976b7d30471c5a3b27d6dbdfc843cd511b1e9412eb71b60dd99b1196a06
image374.tmp,assets/second-edition-media/image374.tmp,13313,4669c88faa34071798de54de95394957fa62deb8bc4737ae21a506c1f0ea3881
image375.tmp,assets/second-edition-media/image375.tmp,19330,00c7eb4cc08c2c454ff575ce0a3012ee0b2118f629260d1f98242c6a27c7a66b
image376.tmp,assets/second-edition-media/image376.tmp,18377,3547b00bf1122b9b90170d667c751769e3e7825fbda9282518cfc5b4e00b1ffd
image377.tmp,assets/second-edition-media/image377.tmp,7098,2a9283b47395324e04af61168698172548c6a2765b066c37edf602a5ae34c675
image378.tmp,assets/second-edition-media/image378.tmp,5588,c2e7cbd233d446ab7327532caa753fcb323affaff8d0078977452a209497bb6f
image379.tmp,assets/second-edition-media/image379.tmp,8803,44bc542d4c047caf5d8a7d17494cd6a6753fbdb517317567984e71dea6859422
image38.png,assets/second-edition-media/image38.png,6604,2f52342fb85321e6739e2dbfa32146f416851e1152efb06dd05534bf14b13d71
image380.tmp,assets/second-edition-media/image380.tmp,7478,274ea76b9a6c5cfefff251df0a0adaaa8f30ac1757222f3857c58ae5367417d6
image381.tmp,assets/second-edition-media/image381.tmp,18581,628edd7355a2ccd660666071e0b318a69d75fa3311c8c261855015e4267a7163
image382.tmp,assets/second-edition-media/image382.tmp,36235,a0ebe8ef375105e4364a69841e41b404c5f4878f50451150284cca818a84424d
image383.tmp,assets/second-edition-media/image383.tmp,12791,2fefecf3cafc7e24710aa5dde3d5ceb4baaa5e806b81b54bfb0c378512964798
image384.tmp,assets/second-edition-media/image384.tmp,11914,15f53e025bbf0697004a601a8494b92f3067e1b33de006b8bc5a7cf1b86c75d5
image385.tmp,assets/second-edition-media/image385.tmp,9752,20389c810e55698beffca8afe2201d89df0ec3cfeca2de11fdf13bef89501fa0
image386.tmp,assets/second-edition-media/image386.tmp,9354,3807a1507b6651f9bc319e0d2fd8a596cf41df6284acb3b1b6173ca6f4f1864f
image387.tmp,assets/second-edition-media/image387.tmp,28904,1b1acd1d0059899d34d1e8dee3f9b30fd5494a05e35a79df85f19d2ab897683a
image388.tmp,assets/second-edition-media/image388.tmp,25389,e11392fbdfd6a9ea48090ab7aba96f25d1040133cbab3bf919b34a2e7781531b
image389.tmp,assets/second-edition-media/image389.tmp,13748,4e1e2d1dda5d5ec6163ac873c8c1a2b2d9d64a8fd6a1831da50e016e93dd5e08
image39.png,assets/second-edition-media/image39.png,50155,4a0926e0118c40477b24a2d5dd6b8b40fa5ffb397dce85fd0d49f851a45ce6d3
image390.tmp,assets/second-edition-media/image390.tmp,15599,1abf46d7a89ced9af75d6692ad6631b05ff6d88fd739e90ff819102061f093ee
image391.tmp,assets/second-edition-media/image391.tmp,8814,97d6eb6261ceae41ce1ec3c09bb3a1528d469894e1f02b7606877eebec6a8c21
image392.tmp,assets/second-edition-media/image392.tmp,16848,d6d2291e3e1d42fa4f474cb9647c69d8cde1732e7651482857260faf976a9c06
image393.tmp,assets/second-edition-media/image393.tmp,6633,61fd99d303f5d522403b473c0ae2e1fe7690f564e1f5f9e15ebc0d72a2485250
image394.tmp,assets/second-edition-media/image394.tmp,7578,2a30ec68cea10d06f5dc6998891afe1b2a2a16ed991a9bab9555bc01d082a787
image395.tmp,assets/second-edition-media/image395.tmp,32284,8895671bcf08dc1eb3da2335a43cba3ac1dec943c881d0fc24f97027b14c4d60
image396.tmp,assets/second-edition-media/image396.tmp,8792,bc66790d893e17ad16ec3ec686d2e825dc9152bbf4277795ea1b3fcd78484e5f
image397.tmp,assets/second-edition-media/image397.tmp,27562,fdbde445469478f1ac669a35590ed7029d1088960b3126b287fdc1b2365aee69
image398.tmp,assets/second-edition-media/image398.tmp,30891,450d9504bf5225854e42d751f23273a0810aac8dab6aa89eeefd636d8218b841
image399.tmp,assets/second-edition-media/image399.tmp,39548,92aec5b370b5fd1aebae5231fd41fb2bf6fca18b73d96ae17a1146b426f7adcc
image4.png,assets/second-edition-media/image4.png,16494,ab68107e45f386506a8d3e7951d78df9721d2d5aea262f829419a387af74d604
image40.png,assets/second-edition-media/image40.png,9100,f7af64c0175d0856f159bd243ef96b3dbe55684896bd0efd3784e1ea389d61c5
image400.tmp,assets/second-edition-media/image400.tmp,10488,3f8dfe327fa8e93f103f25b9e126d337f9b24cc29b1ab6bd7c76d786b436de10
image401.tmp,assets/second-edition-media/image401.tmp,22485,2470a1763660711a0cb535a075afbdf290a8312882bc5e98cb2fe524adca8398
image402.tmp,assets/second-edition-media/image402.tmp,8713,13775a6181d13907cce4c8c689338249333459fc59bf5dbb518c6e6583076937
image403.tmp,assets/second-edition-media/image403.tmp,8419,9d943e8c443d8b1270e128a942a5d7e268c92a7858b48e71c53b76896be0a712
image404.tmp,assets/second-edition-media/image404.tmp,25160,b4e2849124255e906755819b2a6ad6594ff8761105c08dd6664e291a13ec33a5
image405.tmp,assets/second-edition-media/image405.tmp,6660,c4363fb8578f0369b4d7e47b2aae011224961b39411f3d72b39e8a762dcc6d24
image406.tmp,assets/second-edition-media/image406.tmp,24469,4fd3667175c63550a896a5dd03a4a96a4ba03e33e440f3f24bccd78f0965a91f
image407.tmp,assets/second-edition-media/image407.tmp,24628,845f2c6c5416bd1f7093afd4d378b73d3e9610bee5d3e912e07758be9ec212ce
image408.tmp,assets/second-edition-media/image408.tmp,4967,9ed949b12a182380d7aa817f4d2ac20625d51e0a0833bb1bba1576cdc5c488a5
image409.tmp,assets/second-edition-media/image409.tmp,8503,2ac9f86d1cec6d9fd982022d32dc2748f0a4109d7d11f438ff9856536e61739b
image41.png,assets/second-edition-media/image41.png,54006,2b839820ff062bded3f8998e8130a623546b4853e9784c4704314fcc97bee79e
image410.png,assets/second-edition-media/image410.png,30469,f0479f7bede22d16efb580ef3d9a17035155e432cd2a8da1ecbf1c97e4694a79
image411.png,assets/second-edition-media/image411.png,40015,3e4afaf794719d5b0b86b280a3c1aa6cf5b300e7b2c19690f54c345e22f46ff3
image412.png,assets/second-edition-media/image412.png,33549,9266bbce78e79eb0dbc04d0dab21b0c307c5f2140a160ec7651f1adeb0105330
image413.png,assets/second-edition-media/image413.png,34010,fa698eedcdd8274ed9ee369fddf147d966eb85775749cfc352840c735f807111
image414.png,assets/second-edition-media/image414.png,17716,39b131253ba9d9df604728282e7b3ef6a72b8fc30f3055fc4c404a8b77ed8a77
image415.png,assets/second-edition-media/image415.png,3235,634b13bb61ec7ad72b64e4c32d265e2343d2473779f28ab828e1f78ba4eaf364
image416.png,assets/second-edition-media/image416.png,27568,7f859185bc5c3f63ed7fc756335232fce9ac8d974c0b8e50eed8973a84282c0a
image417.png,assets/second-edition-media/image417.png,24918,9d7662ab56aa90db2646a775834abe9aab90006581cf1df724ec00a51fb82982
image418.png,assets/second-edition-media/image418.png,60401,1e8ad567364366c86e5d36d2c01d76dbf2133805439cef1d0325b1675b6bc5e0
image419.png,assets/second-edition-media/image419.png,42863,fa9c638a5676719b0f07ec54275edcf9f21e9752e914e0e20c13bfdcf96aa68b
image42.png,assets/second-edition-media/image42.png,7004,d2fe8c31520d9a6992b497ab0f4bc00dd41ea4de8cec916377284a658d4947f5
image420.png,assets/second-edition-media/image420.png,11841,4e69c5cb931287bbe133690598721287b5eb9674d2e289dbe93aed576cb4cc98
image421.png,assets/second-edition-media/image421.png,21833,83fd91cf30545325cb2f394838798e9840e50aa75868b63abbc7bf25852329a7
image422.png,assets/second-edition-media/image422.png,23053,becab4a01a0390b8261720d2f7a097145a3cabcf5f957be41ebdc4804a805b82
image423.png,assets/second-edition-media/image423.png,22968,fb99dd731e23a153aa7a32c3cdd00acb8262c696f5ab0c6385a4e9d132810e25
image424.png,assets/second-edition-media/image424.png,21604,f66930a33877ea7b4b9e297da283c08253d8067411854818488112feae6c5c28
image425.png,assets/second-edition-media/image425.png,17989,fdfc4f6c1ba41ba8759d897e42c14a2c103addd2d20a530734c9f7729929e173
image426.png,assets/second-edition-media/image426.png,31014,1d883e4d190fd38bb95ac7cd1464993b43cd19aaccb93902a5b25dad4219cc5c
image427.png,assets/second-edition-media/image427.png,6425,fd9b706f86858a50a2bbe0cc29d8b71ae1ae67b656cd09fb726daaea0a50149e
image428.png,assets/second-edition-media/image428.png,6456,7103bd9b7db0151564e4c28c1983a7e72475fde3f6005479886b48bf60c6735d
image429.png,assets/second-edition-media/image429.png,33148,c485b28f5c85486df70327d6bff26249bd3616be781923d85e5dd3d5774e4332
image43.png,assets/second-edition-media/image43.png,11793,393c77674612587a9fc93d0fd46a607b3a2bfa1dbf75284cb1b89ead1d5d7745
image430.png,assets/second-edition-media/image430.png,7342,7ce81678a7785f79c85e7f3fdac7af4f1dedfc1135058ce054311f971a95eb41
image431.png,assets/second-edition-media/image431.png,3157,678e9d0f34b8232cb47df02db62aeda56b5acbf16f0755217be80e4b794b076f
image432.png,assets/second-edition-media/image432.png,6326,379ba26ef972e104476612b772a9e944bb761f1ea8ed39dd2c1fcfac57ed3397
image433.png,assets/second-edition-media/image433.png,15734,cad247adfdb62d542b7f3a58021f8b38d610db88eafeba8d9b00e8441b961dbd
image434.png,assets/second-edition-media/image434.png,41176,e89ff536e042a19ee6868c5adec42dfb17907edc988db818964236fc82dc9b66
image435.png,assets/second-edition-media/image435.png,17629,3132d542335b93a09c7c839283ac993dbf16c3b6c44c6dd31b563b96453cf8d3
image436.png,assets/second-edition-media/image436.png,19193,6fec3c44af3ea234ee6e96c40c4f6e212a0904065ed276b7a36a5b9516dbeb91
image437.png,assets/second-edition-media/image437.png,17773,be0a80ecf6f7c42c96631d4d137b37f98b6a783d618b5918b368f715fdec36f3
image438.png,assets/second-edition-media/image438.png,20635,26ea28c815cca987ebc501d580433360c608cefdc070a78ca58014f59c9940fa
image439.png,assets/second-edition-media/image439.png,17806,18f496eeef0a9881d736d4d9170dfa72fbd95f9677f3398e15dcaa4e600631d5
image44.png,assets/second-edition-media/image44.png,12700,977d3461949baa790cbff4a2f30791b58f52b30c82b4ed508a81bd9ef2ae97ca
image440.png,assets/second-edition-media/image440.png,21680,11dcf1df5307e98299149d4988d7db09686ff0792a700e9e44b8c9f28a66febb
image441.png,assets/second-edition-media/image441.png,27275,3966b8ee27faddd86bb7e41b407c2a1059bd521cb8f8a5875c812d552e9ac910
image442.png,assets/second-edition-media/image442.png,15092,a88a38802d727d8b14493ba8ea95b9d1c878252b37cd0b587eb424841591b268
image443.png,assets/second-edition-media/image443.png,34317,e059d408eec48d2f186c5bf9d65e9bc633da41dce43910ed28e6c96916a75f70
image444.png,assets/second-edition-media/image444.png,23145,97e83c76a7222d757ca8993eead1ac6425b647440d0bea0f71f6eca97c1945a1
image445.png,assets/second-edition-media/image445.png,25957,0381bd650d97c97897ed372f746581fdf5c9b61a3e38933192948752ca855570
image446.png,assets/second-edition-media/image446.png,11985,da4d28f3f79d7bcc472ffd12e5936262903d59b2965fca6914e27acdd476ef86
image447.png,assets/second-edition-media/image447.png,6903,1ea8bae35378f684deb95f633efa9846555305307a925d65831d6a16d272e85b
image448.png,assets/second-edition-media/image448.png,6915,67b17f8e42cf582c27a1191ee3c027422e6f5f98ff8457fcc608f1ea1bdd4033
image449.png,assets/second-edition-media/image449.png,19504,f4644484614db189508406d0fcf9ad8e25df9bd9b6cd8215b3005762af2c356d
image45.png,assets/second-edition-media/image45.png,3060,d4eb6da6e99e18cbc69fd73edaf8a13a08a3dceff6073ebe41dfab0c72a882f6
image450.png,assets/second-edition-media/image450.png,6893,9e2b4897882d326e504a16c387f13fcdf56e57b36838b2672f29c22d493180b3
image451.png,assets/second-edition-media/image451.png,32196,847e856d421560c3c50ab5dd6ddccb9ef0b020e84ae8b7e35e2410d256031008
image452.png,assets/second-edition-media/image452.png,2060,7d771c61b700c37df2198bbbb0a7a90321c6831ed021e1398459db4486dbe701
image453.png,assets/second-edition-media/image453.png,24801,19190bf305596f0747bd71f7afa160746b8f54516f201e8c77e22eb26ce4b302
image454.png,assets/second-edition-media/image454.png,17843,e015a2cad48a636fcba6cd767323445a866238464ccb446fdeaabc4d5327cca8
image455.png,assets/second-edition-media/image455.png,5410,5c8df0ce94e2644cbff472b8898c32e9d171903bad7b856198cb9e9c3a50c239
image456.png,assets/second-edition-media/image456.png,32121,44a4c6b1b740f28d745537e7f79b645319b323c92312cf547a67b4c29f927062
image457.png,assets/second-edition-media/image457.png,13570,3fd772e9dcbed19ecbab614a80226f23433acb3843c80363231f060634abed9a
image458.png,assets/second-edition-media/image458.png,18410,0c69f04c760b07fb0e5ea50baf5e4c63f18ce05d2b0406272538d84223ddc2fc
image459.png,assets/second-edition-media/image459.png,11960,a9031a85d5950237de3e299bf0f68d19033770fd740a6f5eaa6f47b1913ed6e9
image46.png,assets/second-edition-media/image46.png,11022,915c1c7a9b51cbe98269f862462254d0ccd2145cd9af90d4817e534adc410116
image460.png,assets/second-edition-media/image460.png,4371,d2a1ceeae120cb4a0df9b7ad9705ab1551cc6b273aa8765f5754c32dc39d83a1
image461.png,assets/second-edition-media/image461.png,8990,8443ccd8cce8fdaa0f2b4086300545031a4ce6405d5db199755219ee7fc147e7
image462.png,assets/second-edition-media/image462.png,5809,81f70ed486a48bb2154bd3edc52cabf8ef7e8bf38fa37b7327d834c45df939d2
image463.png,assets/second-edition-media/image463.png,1444,751c29b2eaea3d26a639b609a230d7ff81d4f45e6339c7981ac013550c7d2109
image464.png,assets/second-edition-media/image464.png,14370,47781c4411f1629bef4293f7b1cb1957ce5d4ba7e0dbc9c4623b0dd11196728b
image465.png,assets/second-edition-media/image465.png,2155,7bcf749915f49919ddba313ff57a27950657ccd3d9cd8a4d3cb5891c9bf8d372
image466.png,assets/second-edition-media/image466.png,2896,bcf363cbc73db17b2242ebf9d38519a11fb646b554ae36fd3c412e520b08e1e9
image467.png,assets/second-edition-media/image467.png,5799,28d511c25d0224078b3ac9b30d2a0b142e917e383fefec44c8d1003550ab8ee6
image468.png,assets/second-edition-media/image468.png,8580,9f49a2f2836ee714d16f5c4e9cbea0babf8d64144eae6ac7208081b8a10ebe44
image469.png,assets/second-edition-media/image469.png,34473,5371f4916037ecc5d725c0a1ccfd81de948e2bc8f04d7e82c3984093444c0bfa
image47.png,assets/second-edition-media/image47.png,5460,c882c229b49856d43ed63be97b6bb6149130b55bc40591cac67b75e39665eb9e
image470.png,assets/second-edition-media/image470.png,36848,fb62d95e11a1d5eb489bf7c31cf1b0c9d5a7ad43a9546a5512061dd9f9db94b7
image471.png,assets/second-edition-media/image471.png,30472,94b707490793f5583ef4718ab421433108763534d0676fbc5b8ac91dd92fe360
image472.png,assets/second-edition-media/image472.png,26607,9ebc928a23736a03cba85d4610101a2055d644032c8e84195108a2817c7ee9d6
image473.png,assets/second-edition-media/image473.png,26039,6f40e41ba2d9cdd12a08f9e2b7d9d87f6f929e11a46bf7e45767b8c1636f6776
image474.png,assets/second-edition-media/image474.png,13702,23977cf909bd7f56e7de380f7dbdbd7d834075efdd6b2042b73da392df662fed
image475.png,assets/second-edition-media/image475.png,13728,313cfb67b3d2e8fbef754893fa9ce08912fff9bdba863d79419dc27c12a6e482
image476.png,assets/second-edition-media/image476.png,11508,a66b44fc367543a61fe6ca3688e2a64305f810f9afd5cff3a772aba6c14296ee
image477.png,assets/second-edition-media/image477.png,12453,bf46c2dc7233ae6b2195cc3ddba679870d2738faecc205a65cd5d838ae7bd5e9
image478.png,assets/second-edition-media/image478.png,18224,1a20bb26e2bc6c08e74be8927fafb599be219f0e3de65625d2e28f5a9d4e9eb5
image479.png,assets/second-edition-media/image479.png,6550,2dddaeec9f4ad2455fe808900ee3aab6acff06191ee2661d46ff564cbd097ebb
image48.png,assets/second-edition-media/image48.png,7512,45859d45fffdbc60534b928b461bc207d934c7314a7661230e782c7ca3185d1a
image480.png,assets/second-edition-media/image480.png,11552,70b5efbca6f35ddbf8d0f6e1b7921ce6b328b1fe63ea60ab77685100106967d3
image481.png,assets/second-edition-media/image481.png,13867,a05093cb3da0c20db8596e1ff3123079ebc17f396e95a9111b01879a19147d20
image482.png,assets/second-edition-media/image482.png,138833,61f3e8f808f1451613f3c2f21f86623891f9916039ea0503c48576528f4620ea
image483.png,assets/second-edition-media/image483.png,17794,c8b3ab075b7f0daf9032d33552a34d86a57049de9182bbdaa3769dcba2cd3fe6
image484.png,assets/second-edition-media/image484.png,135674,e8939d00198d0729cca0645d890dca696d7f5a7628fd87fd6e7ccfcb1051de92
image485.png,assets/second-edition-media/image485.png,39314,77eefbd7a2bbbfe8b6f6d4c08d13e53d5186bc69ec54a31c80b7be2d5a331fab
image486.png,assets/second-edition-media/image486.png,36883,b5c57d00ce5e2128e38d39ec3ef71072f18c4c524e47ca58f34e77a66ca6d035
image487.png,assets/second-edition-media/image487.png,9263,ad50a5d2d52fdf0d3a0da5575b2dba06fdfa0a8c1611964e37df0823eba397af
image488.png,assets/second-edition-media/image488.png,13002,795adbdd37a3c316e0f952e333f4048823db1c88b9177d6eab8a66de40501be4
image489.png,assets/second-edition-media/image489.png,22876,7439f7533a41d322cf4937fdf7d0b65b4b2c3dc067dcc9bfd4306af5abd35026
image49.png,assets/second-edition-media/image49.png,13115,230907661a137f25d9c1454e9f84ec8054ceb2cfac449220d809edcc26f34f07
image490.png,assets/second-edition-media/image490.png,15084,5ce588bbe09b90159ef5ff53eb166da02fc3799b84b3611d1ccc656a86555138
image491.png,assets/second-edition-media/image491.png,30271,64a861d4ca5c4904e5fb62e2b19960bf65b0c4f33c2b8eb7962a7df2e14e7aaf
image492.png,assets/second-edition-media/image492.png,32179,ea7b3295d1b842ecdd54f076db5e225e9907eb03f0384b69c2683d018573c4ed
image493.png,assets/second-edition-media/image493.png,36893,7986c8b5829cec023920fa319bdf41139497009e571eaef121b36165fde1e477
image494.png,assets/second-edition-media/image494.png,37319,a184cc3adb7b841bdac18db051180a17db35695e3c9d96bd45a008d12e38456e
image495.png,assets/second-edition-media/image495.png,19485,9ac4db2c0f282e0573b6994ad9a945a0918b989f4af5939c2e31df73ff9012b8
image496.png,assets/second-edition-media/image496.png,28337,7168be7f0efcabf9d86ef5ea6bf158b5f0df4907535ed557fd15ad6480eede9a
image497.png,assets/second-edition-media/image497.png,37498,4bbec17f261f9fd73a31df59add673195470615aaa268dfe35fe93388f6863c0
image498.png,assets/second-edition-media/image498.png,81447,0a156e9560215c33eaaf25c69a9135e522081cdd9f787241012592e158ce512c
image499.png,assets/second-edition-media/image499.png,45135,a247e9144c4f3b5f87609fa24b7783d4b618d595b98fba5a01e8fc5cb3021464
image5.png,assets/second-edition-media/image5.png,42766,d25a74f43c1611f82ec480f62e17a30875a85e8af5e9fb4d81bbbf87dc43e264
image50.png,assets/second-edition-media/image50.png,12661,1a461a113dea70fba2a1ef69d4959f3c3b4f6e77ac9a9a3c1621a63be0e01965
image500.png,assets/second-edition-media/image500.png,15226,89858f809d44af4b1f67e74122a11285df1ea59bda6ce61df4fb93ca5743ac77
image501.png,assets/second-edition-media/image501.png,21514,82c47fb5d8307038692873a3d3d523d99c9ac570dffba54149b280b7e6d959f5
image502.png,assets/second-edition-media/image502.png,67693,4930b34ead1ae02e99944a313bb33dc0210ad725633fc102a494d819e4696522
image503.png,assets/second-edition-media/image503.png,39475,f283d3e27e7327bdbfaa7bd31242972abc9221afaf94b47ed65a43b30b7dc9f1
image504.png,assets/second-edition-media/image504.png,55652,4455c4831192ad34c4f59aae76e4f72d496c5fbafdec67b5bf03a10786d2c993
image505.png,assets/second-edition-media/image505.png,24717,c374f4e68b1bd438758d14a54af95c122dc663fb0b80abd52c34035ad39b6781
image506.png,assets/second-edition-media/image506.png,34301,435e0b592788f88fe10e2b533219b49b15aaa43ce74284cbc0048d5cecdb5405
image507.png,assets/second-edition-media/image507.png,35823,2bb12fecff1b1d31db9950f7a8e550bcad8cb03a279fd31896bbb5ec4e61482e
image508.png,assets/second-edition-media/image508.png,32903,4dae4489958062b36d0bc33cd3642c58a08d1a46187ce0dadd04571d5934d750
image509.png,assets/second-edition-media/image509.png,29796,878253fa9c0528342a82aa6c497c064f9b3936ba6d82a353bd352a3e7fcd8e11
image51.png,assets/second-edition-media/image51.png,8157,495dfd40ac518bde51a2d05c10056d2cfac87d19d6b623cfc96a085a2e1b6560
image510.png,assets/second-edition-media/image510.png,29024,de96c34360ed9840a564f810fa94e93792a6f45812552195fd901edc94ebd174
image511.png,assets/second-edition-media/image511.png,43529,98c2491f47acb088e81508701080a136a26c132ae15c1e2049f837af25c96157
image512.png,assets/second-edition-media/image512.png,84280,f4f59238b195302abbd01ceeed27dda32987b0ad576af9f18e30f2a766747889
image513.png,assets/second-edition-media/image513.png,32680,ff2735a679dd0b7c0ce3bd27fe2044700e1e1023bc6e73a97b90fdf8e2993fd7
image514.png,assets/second-edition-media/image514.png,16354,42e0c066918c97ba95c82639e52500493980f6236a5da646b1ca112938ce1952
image515.png,assets/second-edition-media/image515.png,23023,ac15252329cfb17f5a33b6811b179ab34f6c66fca12e917866ab5a7d5d7b5e9d
image516.png,assets/second-edition-media/image516.png,39523,194bdcb035a59ed5f1fc2408f2639df8e96e15c1f8561dadca97ae0c76727b87
image517.png,assets/second-edition-media/image517.png,158693,b564c6437e00cea4ba30f4c0506675758163a9922bdbede26eb2dd8cb57dbaba
image518.png,assets/second-edition-media/image518.png,47894,7d02870ea5bbe7ba40313c1f3a90bd9e04aa77212a47faf4d6bce6bb548eba74
image519.png,assets/second-edition-media/image519.png,40558,e881adff3ec58f7750473ee4e68b17e9612e4d2bf9f3d9799920d5542765c55f
image52.png,assets/second-edition-media/image52.png,5658,18fcdd15e1ec07aaa89dff2545d60a6f41246bfb44d75cab6d9e8fe926e507f2
image520.png,assets/second-edition-media/image520.png,220175,1d84ae5f24a8b7d3becbd597555a13ab2e6cf28508992a5967a7745bd04c8ba6
image521.png,assets/second-edition-media/image521.png,510482,afad26a596ad2a7687646742de2f2f7a2e8b779e7e7a0205a7387f2426a21e44
image53.png,assets/second-edition-media/image53.png,11796,5d563173cfa73ccf03c3bd1fe35702fe9a5f02d6b8feca9678b062928ed6226d
image54.png,assets/second-edition-media/image54.png,15837,a141efff139b438ecbe34dbffbd0399c492bf269d24d45d2468d725439e6e630
image55.png,assets/second-edition-media/image55.png,4279,9f9b4615fe60fae0edd88757dab6efa716bd26297958b0e971527437922a4460
image56.png,assets/second-edition-media/image56.png,10663,e63d2906a83d7d8372644eb287bc3ed12990926632d49189e1de9468689483d6
image57.png,assets/second-edition-media/image57.png,11165,a2838709d7babbab382cbf767b9ae0d0189cb0a09b2bfdba1123b061868b6333
image58.png,assets/second-edition-media/image58.png,13193,63a2cfa3cff16194a88d2c79235ec43b738d3c01b6a9ba94d81c90d9ff3ba2b1
image59.png,assets/second-edition-media/image59.png,19688,dcb83c209ac3b79d6b653dd24a3ab400eba3b8d91c7ef020eb9ab33f469447dd
image6.png,assets/second-edition-media/image6.png,88965,e8de7143cc994dbdcb19bac53278fdd5f8ac7b6a35f1082f48eb75a868f7852a
image60.png,assets/second-edition-media/image60.png,69965,78628dec101aac918f9792b84fb051775b574c76ca0a4ab1d3deeadd44419af1
image61.png,assets/second-edition-media/image61.png,23091,9f20eb7fdd8fafd68ffe3fcd4562ae1192e5ffac83c8410277f03863232e5779
image62.png,assets/second-edition-media/image62.png,22219,4927ed24946626d750de607aaefbd21449a886a751bb077452abc390200c0561
image63.png,assets/second-edition-media/image63.png,16749,77975390e8054a4daef2ce225a5825016a75e86a8f49138b96a0c2bb05dcc6b2
image64.png,assets/second-edition-media/image64.png,30781,ac7f156edede731de85b302f1f51e27c3e67309615d2f35297eaf01a5de74789
image65.png,assets/second-edition-media/image65.png,6351,ec14d5da80091f275ff7ccc2ac5688211db7fc7ee1b0c223c96e66f76bd826f4
image66.png,assets/second-edition-media/image66.png,36667,943bcfab32f9304872336fd5d4c2da0543d881dfe3adcad8869bc6635cdb3a0c
image67.png,assets/second-edition-media/image67.png,13671,beef70f227a96995e21e89dc414d5d47f484553167041aac5def6a33e94d4467
image68.png,assets/second-edition-media/image68.png,114940,94a6a8727209238188cd859c86fd86cff8624a404de1c5f36a2095728ed61887
image69.png,assets/second-edition-media/image69.png,21107,1826eb9f2ca1d133b17b7055b71b9e04e036e6c577f0602a022032e5040141fe
image7.png,assets/second-edition-media/image7.png,250064,e0c9cec8b6cbf145cf5b1ba4b31758674c069a6569f4c1b2ce0729951f0053d7
image70.png,assets/second-edition-media/image70.png,84205,0242de5607c2cad91e184f83bf64306a2296a93ecb7db7b75ecfbb958866e491
image71.png,assets/second-edition-media/image71.png,74436,fd3787acbc5ee8b0aa6a76b593ccbbd0072aaff174c557979d1e60388acd353f
image72.png,assets/second-edition-media/image72.png,14240,c319476943534423a71b516802ffcb5ad3f2d0d2d43cc16e1a116172de993ba0
image73.png,assets/second-edition-media/image73.png,14291,adb9a6e1f8b884b8fb5cc173328080688cfd59b5cb15c36c2eff5739a1bcdffc
image74.png,assets/second-edition-media/image74.png,13798,36bc5949a8dc9ba0e6ed9bd43b188761ab00688db5bb1bbcaabf9978053eb466
image75.png,assets/second-edition-media/image75.png,12133,90c0b04344b6d470603a709383f8a275a33b57a04b2927e32ac28dd58f577ef5
image76.png,assets/second-edition-media/image76.png,45752,ceb9e55c582e5630af1c5e84bd8f81b0d98ab380d9f6d93572a01d8a3adf3548
image77.png,assets/second-edition-media/image77.png,22111,a1385493ec9279d80baeb9c45dc2e63af7daa9317d2f7ddc0075b3f5db6893a0
image78.png,assets/second-edition-media/image78.png,3467,9b2917bbdffc823a9ef1a8e8f293694bba0584b1d2938fbb87d566e30adda53e
image79.png,assets/second-edition-media/image79.png,21277,c25dd94a1f221b253578513e65b4016fd8447bc3d22af2e8aafca644de54c71a
image8.png,assets/second-edition-media/image8.png,398810,8cfe3da84df08ab48145904461d370a32fc55f66fd72569c8af3745345ea0a09
image80.png,assets/second-edition-media/image80.png,180632,486e39b839bc5d7f94f2565e67de9a749107295351f765a9d4a2f7c3276eaf86
image81.png,assets/second-edition-media/image81.png,7693,5026c0d105f9adc5b84fb55ed63934b5c97b9271673893d2dd585b4a17125d09
image82.png,assets/second-edition-media/image82.png,44853,60161905096f087156c3f2cfcb5a5e03fd9fe80fcb8f119c4120a9616278c53e
image83.png,assets/second-edition-media/image83.png,9041,db3abe7fb781f13da395073cf9d66e726d7d2ba2749162d65eabbb2042fd7eaf
image84.png,assets/second-edition-media/image84.png,4945,cbb70f45c09247e1f1f447950eae93320e7898e82b4efcb474b2c896e29763e0
image85.png,assets/second-edition-media/image85.png,10103,ad8c1de6460dcd00535a998c1ed9371a37daa8ebf13edae76942808fa8f1c8b8
image86.png,assets/second-edition-media/image86.png,3823,b3e9abe8fc24e64f4b88c6a96bc370c6e9cdfe99a117f60672b41a84638d9295
image87.png,assets/second-edition-media/image87.png,10299,bed70962c8e3a3edb1291363108ee53484d624aa9916ce75dcc2efe6ab9be868
image88.png,assets/second-edition-media/image88.png,17638,3313065c86b35579e1d3d126de61bb3a4162377675deacc160d1f294a1ec01a5
image89.png,assets/second-edition-media/image89.png,4642,f0c1595aa7ed7051d8c76cae1b8429f38ad398ab262eebdbb5cbc922b078496d
image9.png,assets/second-edition-media/image9.png,789340,d6f55cf8c868fd0a7b8a3202c2cfd23952bf951d9eed37674e08199cd05a41de
image90.png,assets/second-edition-media/image90.png,8247,3b5697976cfa168ebd1cc3de143f86686599fc9925977c80a5bcd0db89c0d6ed
image91.png,assets/second-edition-media/image91.png,8284,1e87b58c66c1f6da5339e61afe4c47de778688827371afb06418c20d5df7d451
image92.png,assets/second-edition-media/image92.png,18349,9d447b1e0c354ea0fc7db1fd135de8eceae79aff00e68c46fb8afbc0e08ac440
image93.png,assets/second-edition-media/image93.png,17834,c2fab04bf06c454b778609a4bd905404d8967e67de3f18edb398cdc9e8042873
image94.png,assets/second-edition-media/image94.png,61512,244f0a35df42fd1a2500f56826494b931e8d968edd3746180e6bf8eab0cea9b7
image95.png,assets/second-edition-media/image95.png,20214,f76c33a803cd320c50068a6b3a40b0e588288b5a53573b72e0991058256834f9
image96.png,assets/second-edition-media/image96.png,66498,4029b8019744114f5492a7295c736bdaefd15f2bdd9b65705529fb8d9576a8a7
image97.png,assets/second-edition-media/image97.png,40127,faedc7a64e7a172e4b1a40278cf7aa20758d3a8090e6fcf872fe9afdfd4331ba
image98.png,assets/second-edition-media/image98.png,46189,d43f0eb117254b00f579c80bf435814e6780777874e1da0c651c8eacce7a911d
image99.png,assets/second-edition-media/image99.png,23422,86b3d20d724d0d527e973bff06d629f215adac12fd8899d54e2a4239bf26e845
